q,doc_num,time,ids
0,260,310.8533050620463,"['4983', '169264', '236204', '327319', '427865', '502797', '719812', '751192', '878526', '997143', '1122279', '1243475', '1346695', '1428830', '1554348', '1649738', '1769799', '1871499', '1967017', '2139357', '2140513', '2272614', '2391552', '2488880', '2601324', '2701077', '2831620', '2958458', '3099497', '3210545', '3367829', '3504761', '3610282', '3716075', '3825472', '3883485', '3986403', '4306711', '4346436', '4380287', '4399268', '4418070', '4427060', '4455466', '4469125', '4641348', '4767806', '4896726', '5035827', '5185871', '5293024', '5415832', '5556809', '5700349', '5828251', '5953485', '6083952', '6219790', '6285534', '6401675', '6493422', '6588614', '6751418', '6863070', '6974477', '7116734', '7228140', '7399084', '7492250', '7622767', '7735859', '7873737', '8150638', '8182950', '8317408', '8446259', '8548635', '8665891', '8771704', '8989616', '9160947', '9272598', '9420732', '9550981', '9650982', '9769684', '9911547', '10068634', '10247282', '10450300', '10555591', '10660080', '10795063', '10991183', '11181416', '11291348', '11457219', '11615242', '11771811', '11903247', '12039953', '12207167', '12370190', '12513972', '12669325', '12810152', '12943966', '13070316', '13231899', '13368032', '13481880', '13619127', '13770184', '13843341', '13907928', '13949015', '14083283', '14185503', '14328288', '14434123', '14550841', '14692646', '14831629', '14972169', '15274349', '15472716', '15657779', '15716328', '15907458', '16208091', '16217855', '16390264', '16572581', '16736872', '16962732', '17123316', '17388232', '17518195', '17693849', '17914395', '18041692', '18231807', '18379855', '18592108', '18841257', '19052713', '19308127', '19651306', '19673227', '19855358', '20033112', '20279166', '20363389', '20473074', '20645538', '20764484', '20977638', '21179714', '21274919', '21456232', '21502234', '21623140', '21859699', '21956124', '22130056', '22281684', '22467585', '22547508', '22767022', '22937815', '23078022', '23244529', '23356816', '23513718', '23639838', '23804187', '23918031', '24077493', '24234341', '24341590', '24512064', '24596228', '24721866', '24863571', '24980622', '25069745', '25251625', '25373397', '25504006', '25623469', '25737507', '25832301', '25985964', '26047921', '26118532', '26445118', '26672703', '26973393', '27138601', '27396415', '27602752', '27889071', '28206748', '28542402', '28845338', '29183629', '29459383', '29785642', '30208015', '30534237', '30915421', '31313782', '31715818', '32101982', '32532238', '32827351', '33063763', '33535447', '33911859', '34103335', '34436231', '34818263', '35271381', '35684881', '36066871', '36386637', '36654066', '37037012', '37437064', '37673301', '38037690', '38485364', '38794814', '39465575', '39481265', '39801095', '40212412', '40500723', '40867854', '41161366', '41403996', '41900731', '42291761', '42731834', '43224840', '43711341', '44500794', '44947611', '45447613', '46193388', '46617075', '51952430', '53033275', '59453688', '72180760', '82665667', '86326468', '121581019', '145383432', '196664003']"
1,260,303.6451284131035,"['4983', '116792', '236204', '327319', '427865', '502797', '641786', '751192', '878526', '991137', '1122279', '1243475', '1388704', '1544804', '1554348', '1649738', '1769799', '1871499', '1967017', '2107238', '2140513', '2272614', '2391552', '2488880', '2601324', '2739854', '2831620', '2958458', '3174305', '3210545', '3367829', '3504761', '3672261', '3716075', '3825472', '3883485', '3986403', '4306711', '4378885', '4380287', '4414547', '4418070', '4427060', '4455466', '4632921', '4641348', '4767806', '4896726', '5035827', '5185871', '5293024', '5415832', '5556809', '5700349', '5828251', '5953485', '6083952', '6171953', '6285534', '6401675', '6493422', '6588614', '6751418', '6863070', '6974477', '7116734', '7228140', '7399084', '7492250', '7622767', '7735859', '7873737', '8025177', '8182950', '8317408', '8446259', '8548635', '8665891', '8771704', '8989616', '9196472', '9257019', '9420732', '9550981', '9650982', '9767444', '9911547', '10068634', '10247282', '10450300', '10555591', '10660080', '10944947', '10991183', '11181416', '11291348', '11532028', '11615242', '11771811', '11903247', '12039953', '12205576', '12370190', '12513972', '12669325', '12810152', '12943966', '13070316', '13230773', '13368032', '13481880', '13619127', '13791788', '13905670', '13907928', '13949015', '14174055', '14185503', '14328288', '14434123', '14550841', '14717500', '14831629', '14972169', '15274349', '15472716', '15578265', '15716328', '15907458', '15997009', '16217855', '16390264', '16572581', '16736872', '17088791', '17123316', '17338543', '17506075', '17693849', '17914395', '18041692', '18231807', '18379855', '18592108', '18841257', '19058822', '19308127', '19489351', '19673227', '19854744', '20033112', '20220731', '20363389', '20473074', '20645538', '20764484', '20977638', '21179714', '21274919', '21382907', '21502234', '21623140', '21859699', '21956124', '22130056', '22281684', '22467585', '22547508', '22767022', '22937815', '23078022', '23244529', '23389795', '23513718', '23639838', '23804187', '23918031', '24077493', '24234341', '24341590', '24512064', '24596228', '24721866', '24863571', '24980622', '25069745', '25251625', '25373397', '25504006', '25623469', '25737507', '25832301', '25953438', '26045237', '26118532', '26445118', '26672703', '26973393', '27138601', '27396415', '27602752', '27889071', '28206748', '28542402', '28845338', '29183629', '29459383', '29785642', '30208015', '30534237', '30915421', '31313782', '31682248', '32181055', '32454714', '32766786', '33063763', '33535447', '33911859', '34103335', '34436231', '34818263', '35271381', '35684881', '36066871', '36386637', '36654066', '37037012', '37336085', '37673301', '38037690', '38485364', '38794814', '39225849', '39481265', '39801095', '40164383', '40500723', '40867854', '41161366', '41403996', '41900731', '42291761', '42731834', '43224840', '43647194', '44500794', '45200347', '45447613', '46193388', '46617075', '51952430', '53033275', '58050905', '72180760', '82665667', '86326468', '109946221', '145383432', '196664003']"
2,260,303.65068317204714,"['4983', '116792', '236204', '327319', '437924', '502797', '695938', '751192', '878526', '991137', '1122279', '1292369', '1346695', '1428830', '1583041', '1649738', '1769799', '1871499', '1967017', '2052720', '2140513', '2272614', '2423940', '2488880', '2601324', '2701077', '2831620', '2958458', '3099497', '3210545', '3367829', '3504761', '3610282', '3801693', '3825472', '3883485', '3986403', '4306711', '4340509', '4380287', '4399268', '4418070', '4427060', '4455466', '4469125', '4641348', '4767806', '4896726', '5035827', '5185871', '5293024', '5415832', '5556809', '5824985', '5850219', '5953485', '6083952', '6171953', '6285534', '6415816', '6493422', '6722522', '6751418', '6863070', '6974477', '7116734', '7228140', '7399084', '7492250', '7622767', '7735859', '7873737', '8025177', '8182950', '8317408', '8446259', '8548635', '8665891', '8771704', '8989616', '9160947', '9272598', '9420732', '9550981', '9650982', '9767444', '9911547', '10068634', '10247282', '10450300', '10555591', '10660080', '10795063', '10991183', '11181416', '11349166', '11457219', '11615242', '11771811', '11903247', '12039953', '12205576', '12370190', '12513972', '12669325', '12810152', '12943966', '13070316', '13230773', '13368032', '13481880', '13734012', '13770184', '13843341', '13907928', '13949015', '14079881', '14185503', '14328288', '14434123', '14550841', '14692646', '14831629', '14972169', '15274349', '15472716', '15578265', '15879544', '15907458', '15997009', '16217855', '16390264', '16572581', '16736872', '16962732', '17333231', '17338543', '17506075', '17693849', '17914395', '18041692', '18231807', '18379855', '18617259', '18841257', '19052713', '19308127', '19489351', '19673227', '19854744', '20033112', '20220731', '20363389', '20473074', '20645538', '20764484', '20977638', '21179714', '21274919', '21382907', '21550246', '21623140', '21859699', '21956124', '22130056', '22281684', '22467585', '22547508', '22767022', '22937815', '23124332', '23244529', '23356816', '23513718', '23639838', '23804187', '23918031', '24077493', '24234341', '24341590', '24512064', '24596228', '24721866', '24863571', '24980622', '25069745', '25251625', '25373397', '25504006', '25623469', '25737507', '25832301', '25953438', '26045237', '26118532', '26445118', '26672703', '27063470', '27138601', '27396415', '27602752', '27889071', '28206748', '28738741', '28845338', '29183629', '29459383', '29785642', '30208015', '30534237', '30915421', '31313782', '31682248', '32101982', '32481310', '32766786', '33063763', '33535447', '33911859', '34103335', '34436231', '34818263', '35271381', '35684881', '36066871', '36386637', '36654066', '37037012', '37336085', '37673301', '38037690', '38485364', '38899659', '39225849', '39481265', '39801095', '40164383', '40500723', '40867854', '41161366', '41403996', '42240424', '42291761', '42731834', '43224840', '43647194', '44500794', '44947611', '45447613', '46193388', '46617075', '51952430', '53033275', '58050905', '72180760', '82665667', '86326468', '109946221', '145383432', '196664003']"
3,260,303.6176836749073,"['4983', '116792', '317204', '327319', '439670', '502797', '641786', '751192', '881332', '991137', '1145473', '1263446', '1346695', '1449692', '1606628', '1649738', '1769799', '1958440', '1967017', '2052720', '2140513', '2272614', '2425364', '2488880', '2605032', '2701077', '2831620', '2958458', '3113630', '3210545', '3435889', '3514540', '3610282', '3716075', '3825472', '3883485', '3986403', '4319174', '4340509', '4380287', '4399268', '4418070', '4427060', '4455466', '4469125', '4641348', '4791384', '4896726', '5035827', '5185871', '5293024', '5487448', '5556809', '5700349', '5828251', '5953485', '6083952', '6171953', '6323196', '6401675', '6493422', '6718824', '6751418', '6876224', '6974477', '7116734', '7228140', '7399084', '7492250', '7662395', '7735859', '7873737', '8025177', '8182950', '8317408', '8529693', '8548635', '8665891', '8771704', '8989616', '9160947', '9257019', '9513785', '9550981', '9650982', '9769310', '9967265', '10068634', '10247282', '10463997', '10555591', '10660080', '10795063', '10991183', '11181416', '11360768', '11457219', '11630388', '11771811', '11903247', '12039953', '12205576', '12411274', '12513972', '12669325', '12810152', '12943966', '13070316', '13230773', '13368032', '13481880', '13619127', '13770184', '13843341', '13944805', '13949015', '14079881', '14185503', '14328288', '14434123', '14550841', '14692646', '14831629', '14972169', '15274349', '15512462', '15578265', '15716328', '15928989', '16204011', '16322674', '16390264', '16572581', '16736872', '16962732', '17123316', '17450673', '17506075', '17693849', '17914395', '18041692', '18231807', '18379855', '18592108', '18841257', '19052713', '19308127', '19489351', '19673227', '19854744', '20033112', '20220731', '20363389', '20473074', '20645538', '20764484', '20977638', '21179714', '21274919', '21382907', '21502234', '21641088', '21870716', '21956124', '22130056', '22281684', '22467585', '22547508', '22767022', '22937815', '23078022', '23244529', '23356816', '23557241', '23639838', '23804187', '23918031', '24077493', '24234341', '24341590', '24524403', '24625323', '24721866', '24863571', '24980622', '25069745', '25251625', '25373397', '25504006', '25623469', '25737507', '25832301', '25953438', '26045237', '26118532', '26611834', '26710772', '27123743', '27138601', '27396415', '27686445', '27889071', '28206748', '28542402', '28845338', '29224825', '29459383', '29785642', '30208015', '30534237', '30983338', '31313782', '31942055', '32101982', '32454714', '32776084', '33257464', '33740844', '33911859', '34103335', '34544514', '34818263', '35271381', '35714909', '36066871', '36386637', '36654066', '37118634', '37480103', '37673301', '38127792', '38485364', '38794814', '39334724', '39481265', '39801095', '40212412', '40500723', '41131087', '41161366', '41646286', '41900731', '42291761', '42731834', '43224840', '43647194', '44572913', '44947611', '45447613', '46193388', '49429882', '51952430', '56893404', '58050905', '76463821', '82665667', '86326468', '118215171', '145383432', '198309074']"
4,260,303.64062895299867,"['4983', '116792', '236204', '327319', '427865', '502797', '641786', '751192', '878526', '991137', '1122279', '1243475', '1360607', '1428830', '1554348', '1649738', '1769799', '1871499', '1967017', '2052720', '2140513', '2272614', '2391552', '2488880', '2601324', '2701077', '2831620', '2958458', '3099497', '3215494', '3367829', '3504761', '3610282', '3716075', '3825472', '3883485', '3986403', '4306711', '4340509', '4380287', '4399268', '4418070', '4442799', '4455466', '4469125', '4641348', '4767806', '4896726', '5152028', '5185871', '5293024', '5415832', '5556809', '5700349', '5828251', '5953485', '6083952', '6171953', '6285534', '6401675', '6493422', '6588614', '6751418', '6863070', '6974477', '7116734', '7228140', '7399084', '7492250', '7622767', '7735859', '7873737', '8025177', '8182950', '8317408', '8446259', '8595678', '8665891', '8771704', '8989616', '9160947', '9257019', '9420732', '9550981', '9650982', '9813098', '9911547', '10068634', '10247282', '10450300', '10557471', '10660080', '10795063', '10991183', '11181416', '11291348', '11457219', '11705328', '11771811', '11903247', '12130200', '12205576', '12370190', '12513972', '12669325', '12810152', '12943966', '13070316', '13312471', '13368032', '13481880', '13619127', '13801259', '13843341', '13907928', '13949015', '14079881', '14185503', '14328288', '14434123', '14550841', '14692646', '14831629', '14972169', '15274349', '15472716', '15615957', '15716328', '15907458', '15997009', '16252863', '16390264', '16572581', '16736872', '16962732', '17123316', '17338543', '17506075', '17693849', '17914395', '18041692', '18256197', '18557974', '18592108', '18841257', '19052713', '19308127', '19489351', '19673227', '19854744', '20083834', '20220731', '20363389', '20473074', '20645538', '20764484', '20977638', '21179714', '21274919', '21382907', '21553394', '21636085', '21859699', '21956124', '22130056', '22281684', '22467585', '22547508', '22767022', '22937815', '23078022', '23244529', '23356816', '23513718', '23639838', '23804187', '24049225', '24077493', '24234341', '24341590', '24512064', '24596228', '24721866', '24863571', '24980622', '25069745', '25251625', '25439264', '25504006', '25623469', '25737507', '25832301', '25953438', '26045237', '26118532', '26445118', '26672703', '26973393', '27138601', '27396415', '27602752', '27889071', '28206748', '28542402', '28845338', '29183629', '29459383', '29785642', '30208015', '30534237', '30915421', '31313782', '31682248', '32101982', '32454714', '32766786', '33409100', '33535447', '33911859', '34103335', '34436231', '34818263', '35271381', '35684881', '36066871', '36386637', '36654066', '37037012', '37424881', '37673301', '38037690', '38485364', '38794814', '39225849', '39481265', '39801095', '40164383', '40500723', '40867854', '41161366', '41403996', '41900731', '42441846', '42731834', '43224840', '43647194', '44500794', '44947611', '45447613', '46193388', '46617075', '51952430', '53033275', '58050905', '72180760', '82665667', '86326468', '109946221', '145383432', '196664003']"
5,260,303.3669704501517,"['4983', '116792', '236204', '327319', '427865', '502797', '641786', '751192', '878526', '991137', '1122279', '1243475', '1346695', '1428830', '1554348', '1649738', '1769799', '1871499', '1967017', '2052720', '2140513', '2272614', '2460304', '2488880', '2601324', '2701077', '2831620', '2958458', '3099497', '3210545', '3367829', '3504761', '3610282', '3716075', '3825472', '3883485', '3986403', '4306711', '4340509', '4380287', '4399268', '4418070', '4427060', '4455466', '4469125', '4641348', '4767806', '4896726', '5107861', '5185871', '5293024', '5415832', '5556809', '5782614', '5828251', '5953485', '6083952', '6171953', '6315132', '6401675', '6493422', '6588614', '6751418', '6863070', '6974477', '7116734', '7228140', '7399084', '7492250', '7622767', '7735859', '7873737', '8025177', '8182950', '8317408', '8446259', '8548635', '8665891', '8925851', '8989616', '9160947', '9257019', '9420732', '9550981', '9650982', '9767444', '9911547', '10068634', '10247282', '10450300', '10555591', '10660080', '10795063', '10991183', '11181416', '11291348', '11457219', '11615242', '11771811', '11903247', '12039953', '12240507', '12370190', '12513972', '12669325', '12810152', '12943966', '13070316', '13230773', '13368032', '13481880', '13619127', '13770184', '13843341', '13907928', '13949015', '14079881', '14185503', '14328288', '14434123', '14550841', '14692646', '14831629', '14972169', '15274349', '15472716', '15578265', '15716328', '15907458', '15997009', '16217855', '16390264', '16572581', '16745747', '16962732', '17123316', '17338543', '17506075', '17693849', '17914395', '18174210', '18231807', '18379855', '18592108', '18841257', '19052713', '19308127', '19489351', '19673227', '19854744', '20033112', '20220731', '20363389', '20473074', '20645538', '20764484', '20977638', '21179714', '21274919', '21382907', '21502234', '21623140', '21859699', '21956124', '22130056', '22281684', '22482024', '22547508', '22767022', '22937815', '23078022', '23244529', '23356816', '23513718', '23639838', '23804187', '23918031', '24077493', '24234341', '24341590', '24512064', '24596228', '24721866', '24863571', '24980622', '25069745', '25251625', '25373397', '25504006', '25623469', '25737507', '25832301', '25953438', '26045237', '26118532', '26474812', '26672703', '26973393', '27162821', '27396415', '27602752', '27889071', '28206748', '28542402', '28845338', '29183629', '29459383', '29785642', '30208015', '30534237', '30915421', '31313782', '31682248', '32101982', '32454714', '32766786', '33063763', '33535447', '33911859', '34103335', '34436231', '34818263', '35271381', '35684881', '36066871', '36386637', '36654066', '37037012', '37336085', '37673301', '38037690', '38485364', '38794814', '39225849', '39506601', '39801095', '40164383', '40500723', '40913091', '41161366', '41403996', '41900731', '42291761', '42731834', '43224840', '43647194', '44500794', '45218443', '45447613', '46193388', '46617075', '51952430', '53033275', '58050905', '72180760', '82665667', '86326468', '109946221', '145383432', '196664003']"
6,260,303.3923722698819,"['4983', '116792', '236204', '327319', '427865', '502797', '641786', '751192', '878526', '991137', '1122279', '1243475', '1346695', '1428830', '1583041', '1649738', '1769799', '1871499', '1967017', '2052720', '2140513', '2272614', '2391552', '2488880', '2601324', '2701077', '2831620', '2958458', '3099497', '3210545', '3367829', '3504761', '3610282', '3716075', '3825472', '3883485', '3986403', '4306711', '4340509', '4380287', '4399268', '4418070', '4427060', '4455466', '4469125', '4641348', '4767806', '4896726', '5035827', '5185871', '5293024', '5415832', '5556809', '5824985', '5828251', '5953485', '6083952', '6171953', '6285534', '6401675', '6493422', '6588614', '6751418', '6863070', '6974477', '7116734', '7228140', '7399084', '7492250', '7622767', '7735859', '7873737', '8025177', '8182950', '8317408', '8446259', '8548635', '8665891', '8771704', '8989616', '9160947', '9257019', '9420732', '9550981', '9650982', '9767444', '9911547', '10068634', '10247282', '10450300', '10555591', '10660080', '10795063', '10991183', '11181416', '11349166', '11457219', '11615242', '11771811', '11903247', '12039953', '12205576', '12370190', '12513972', '12669325', '12810152', '12943966', '13070316', '13230773', '13368032', '13481880', '13734012', '13770184', '13843341', '13907928', '13949015', '14079881', '14185503', '14328288', '14434123', '14550841', '14692646', '14831629', '14972169', '15274349', '15472716', '15578265', '15716328', '15907458', '15997009', '16217855', '16390264', '16572581', '16736872', '16962732', '17123316', '17338543', '17506075', '17693849', '17914395', '18041692', '18231807', '18379855', '18617259', '18841257', '19052713', '19308127', '19489351', '19673227', '19854744', '20033112', '20220731', '20363389', '20473074', '20645538', '20764484', '20977638', '21179714', '21274919', '21382907', '21550246', '21623140', '21859699', '21956124', '22130056', '22281684', '22467585', '22547508', '22767022', '22937815', '23203102', '23244529', '23356816', '23513718', '23639838', '23804187', '23918031', '24077493', '24234341', '24341590', '24512064', '24596228', '24721866', '24863571', '24980622', '25069745', '25251625', '25373397', '25504006', '25623469', '25737507', '25832301', '25953438', '26045237', '26118532', '26445118', '26672703', '27063470', '27138601', '27396415', '27602752', '27889071', '28206748', '28738741', '28845338', '29183629', '29459383', '29785642', '30208015', '30534237', '30915421', '31313782', '31682248', '32101982', '32454714', '32766786', '33063763', '33535447', '33911859', '34103335', '34436231', '34818263', '35271381', '35684881', '36066871', '36386637', '36654066', '37037012', '37336085', '37673301', '38037690', '38485364', '38794814', '39225849', '39481265', '39801095', '40164383', '40500723', '40867854', '41161366', '41403996', '41900731', '42291761', '42731834', '43224840', '43647194', '44500794', '44947611', '45447613', '46193388', '46617075', '51952430', '53033275', '58050905', '72180760', '82665667', '86326468', '109946221', '145383432', '196664003']"
7,260,303.3474181520287,"['4983', '116792', '236204', '327319', '461550', '502797', '641786', '751192', '950306', '1006165', '1226452', '1333643', '1354567', '1428830', '1617327', '1649738', '1769799', '1871499', '2000038', '2052720', '2251426', '2272614', '2391552', '2488880', '2613813', '2701077', '2831620', '3052642', '3154880', '3210545', '3367829', '3504761', '3610282', '3716075', '3825472', '3893473', '4162857', '4306711', '4340509', '4380287', '4411760', '4418070', '4429388', '4455466', '4469125', '4641348', '4767806', '4896726', '5035827', '5253987', '5409325', '5415832', '5556809', '5702790', '5838067', '5953485', '6083952', '6171953', '6285534', '6401675', '6493422', '6588614', '6828370', '6913227', '7029990', '7116734', '7228140', '7399084', '7492250', '7622767', '7735859', '8006440', '8065561', '8182950', '8317408', '8533245', '8548635', '8665891', '8771704', '9091863', '9160947', '9257019', '9420732', '9550981', '9650982', '9767444', '9911547', '10068634', '10247282', '10450300', '10555591', '10660080', '10795063', '10991183', '11181416', '11291348', '11457219', '11615242', '11822354', '11903247', '12039953', '12207340', '12440953', '12582729', '12669325', '12871002', '12943966', '13070316', '13290521', '13368032', '13481880', '13763195', '13770184', '13907427', '13931771', '13949015', '14079881', '14185503', '14328288', '14434123', '14652521', '14692646', '14831629', '14972169', '15274349', '15472716', '15590539', '15716328', '15907458', '15997009', '16217855', '16398049', '16605494', '16736872', '16962732', '17123316', '17338543', '17506075', '17693849', '17914395', '18041692', '18231807', '18467982', '18654430', '18841257', '19255949', '19308127', '19489351', '19673227', '20018321', '20033112', '20220731', '20374609', '20585600', '20645538', '20764484', '20977638', '21179714', '21373240', '21382907', '21601459', '21623140', '21909315', '22003328', '22130056', '22362025', '22467585', '22623275', '22871664', '22937815', '23078022', '23244529', '23356816', '23513718', '23727313', '23913146', '23918031', '24077493', '24234341', '24341590', '24512064', '24596228', '24721866', '24863571', '24980622', '25069745', '25251625', '25373397', '25504006', '25623469', '25737507', '25832301', '25953438', '26045237', '26118532', '26445118', '26672703', '26973393', '27264454', '27396415', '27602752', '27889071', '28206748', '28704738', '28845338', '29183629', '29459383', '29785642', '30208015', '30534237', '31148090', '31313782', '31682248', '32324430', '32454714', '32766786', '33063763', '33535447', '33911859', '34105878', '34436231', '34818263', '35271381', '35684881', '36066871', '36386637', '36654066', '37037012', '37336085', '37673301', '38037690', '38485364', '38794814', '39225849', '39481265', '39801095', '40164383', '40500723', '40867854', '41337677', '41403996', '41900731', '42291761', '42865134', '43224840', '44172171', '44500794', '44947611', '45875990', '46248894', '46617075', '51952430', '53033275', '58050905', '72180760', '82665667', '86602746', '116075383', '145383432', '196664003']"
8,260,303.23583582695574,"['19238', '219475', '301838', '327319', '470625', '515489', '641786', '751192', '878526', '1032372', '1241113', '1243475', '1346695', '1428830', '1583134', '1649738', '1782201', '1871499', '1996292', '2061878', '2140513', '2389574', '2391552', '2547636', '2601324', '2734421', '2831620', '2958458', '3152612', '3210545', '3376731', '3590806', '3684342', '3756384', '3825472', '3952288', '4303075', '4325398', '4340509', '4380287', '4399268', '4418070', '4427060', '4455466', '4561402', '4702639', '4889228', '4896726', '5123516', '5185871', '5406411', '5468807', '5567223', '5700349', '5828251', '5953485', '6121668', '6171953', '6285534', '6401675', '6493422', '6588614', '6807122', '6944800', '7028976', '7165938', '7228140', '7399084', '7492250', '7622767', '7736860', '7898952', '8133180', '8182950', '8354687', '8538916', '8548635', '8702697', '8774475', '9095394', '9211173', '9257019', '9420732', '9558539', '9650982', '9767444', '9911547', '10162553', '10279084', '10486817', '10555591', '10660080', '10812605', '10991183', '11181416', '11291348', '11578459', '11615242', '11771811', '11968641', '12086818', '12337611', '12411274', '12580014', '12762485', '12887068', '13007205', '13070316', '13244602', '13368032', '13481880', '13621186', '13779605', '13889430', '13907928', '13989491', '14079881', '14315749', '14328288', '14434123', '14550841', '14706752', '14863011', '15081770', '15405204', '15472716', '15707049', '15832146', '15907458', '16086778', '16346504', '16541762', '16572581', '16853734', '17021845', '17123316', '17338543', '17671145', '17844478', '17917408', '18041692', '18231807', '18488986', '18592108', '18841257', '19052713', '19343151', '19644821', '19736671', '19854744', '20033112', '20220731', '20372201', '20568364', '20738970', '20764484', '21063817', '21179714', '21274919', '21382907', '21521236', '21623140', '21891856', '22049489', '22180793', '22281684', '22482820', '22712546', '22901758', '22963769', '23078022', '23244529', '23356816', '23599024', '23639838', '23804187', '23934390', '24205118', '24249915', '24349992', '24512064', '24596228', '24721866', '24863571', '24980622', '25191216', '25328476', '25373397', '25504006', '25623469', '25738896', '25832301', '25953438', '26045237', '26118532', '26495128', '26735905', '26973393', '27264454', '27396415', '27602752', '27889071', '28206748', '28542402', '28928964', '29183629', '29459383', '29785642', '30208015', '30534237', '31141365', '31313782', '31682248', '32101982', '32742683', '32906513', '33063763', '33535447', '33911859', '34189936', '34436231', '34818263', '35443524', '35684881', '36212758', '36386637', '36950726', '37037012', '37336085', '37673301', '38355793', '38485364', '38844612', '39225849', '39559521', '39801095', '40382183', '40710501', '40867854', '41226276', '41403996', '42279414', '42465769', '42731834', '43385013', '43647194', '44674301', '45143088', '45638119', '46193388', '46617075', '51952430', '53033275', '67045088', '72180760', '82665667', '86326468', '109946221', '195689757', '196664003']"
9,260,303.2897325279191,"['4983', '116792', '313403', '327319', '427865', '502797', '663464', '751192', '878526', '1065627', '1171121', '1243475', '1379127', '1428830', '1554348', '1649738', '1866911', '1871499', '1967017', '2140497', '2151983', '2272614', '2391552', '2488880', '2601324', '2701077', '2931832', '3067015', '3099497', '3285322', '3367829', '3504761', '3684342', '3805841', '3825472', '3883485', '3986403', '4306711', '4340509', '4380287', '4414547', '4418878', '4429932', '4455466', '4469125', '4702639', '4889228', '4896726', '5035827', '5270265', '5293024', '5415832', '5556809', '5700349', '5864770', '5953485', '6083952', '6171953', '6285534', '6401675', '6493422', '6588614', '6751418', '6863070', '6974477', '7116734', '7228140', '7399084', '7583725', '7622767', '7821634', '7875158', '8025177', '8182950', '8317408', '8446259', '8548635', '8671456', '8963413', '8994465', '9171913', '9257019', '9483851', '9558539', '9650982', '9767444', '9911547', '10068634', '10247282', '10450300', '10555591', '10660080', '10795063', '10991183', '11181416', '11291348', '11457219', '11615242', '11771811', '11903247', '12039953', '12337611', '12438901', '12513972', '12762485', '12810152', '13007205', '13070316', '13277623', '13400643', '13519661', '13619127', '13831842', '13905670', '13907928', '13949015', '14079881', '14185503', '14328288', '14434123', '14550841', '14692646', '14831629', '15113221', '15286783', '15472716', '15600979', '15721252', '15946643', '16086778', '16217855', '16390264', '16691520', '16736872', '17021845', '17123316', '17338543', '17648235', '17693849', '17914395', '18041692', '18231807', '18379855', '18592108', '18841257', '19052713', '19358586', '19644821', '19673227', '19882228', '20183360', '20280410', '20372201', '20473074', '20645538', '20839751', '21033230', '21179714', '21307488', '21439640', '21502234', '21623140', '21874312', '22007333', '22267225', '22401720', '22482820', '22547508', '22767022', '22937815', '23078022', '23244529', '23356816', '23557241', '23639838', '23830488', '23934390', '24205118', '24249915', '24349992', '24512064', '24596228', '24834968', '24863571', '24980622', '25191216', '25251625', '25373397', '25504006', '25623469', '25737507', '25832301', '25973484', '26045237', '26118532', '26495128', '26672703', '26973393', '27240667', '27396415', '27602752', '27889071', '28206748', '28542402', '28845338', '29366489', '29473081', '29785642', '30208015', '30534237', '31311495', '31313782', '31851367', '32101982', '32534305', '32766786', '33063763', '33535447', '34066665', '34103335', '34436231', '34818263', '35271381', '35684881', '36212758', '36432234', '36838958', '37204802', '37336085', '37673301', '38355793', '38485364', '38794814', '39225849', '39481265', '39801095', '40164383', '40500723', '40867854', '41161366', '41403996', '41900731', '42291761', '42731834', '43385013', '43647194', '44500794', '45143088', '45638119', '46193388', '46617075', '51952430', '53033275', '67045088', '72180760', '82665667', '86326468', '109946221', '195680777', '196664003']"
10,260,303.3906634519808,"['4983', '116792', '313403', '327319', '427865', '502797', '641786', '751192', '878526', '1065627', '1171121', '1243475', '1379127', '1428830', '1554348', '1649738', '1866911', '1871499', '1967017', '2061878', '2140513', '2389574', '2391552', '2488880', '2601324', '2727303', '2931832', '2958458', '3099497', '3285322', '3376731', '3504761', '3684342', '3730196', '3825472', '3899896', '3986403', '4306711', '4340509', '4380287', '4414547', '4418878', '4429932', '4455466', '4469125', '4702639', '4889228', '4896726', '5035827', '5270265', '5293024', '5415832', '5556809', '5700349', '5864770', '5953485', '6121668', '6171953', '6285534', '6401675', '6493422', '6588614', '6751418', '6863070', '7028976', '7116734', '7228140', '7399084', '7583725', '7622767', '7795952', '7875158', '8025177', '8182950', '8317408', '8538916', '8548635', '8677721', '8963413', '8994465', '9160947', '9257019', '9483851', '9558539', '9650982', '9767444', '9911547', '10169908', '10247282', '10450300', '10555591', '10660080', '10795063', '10991183', '11181416', '11291348', '11457219', '11615242', '11771811', '11903247', '12172346', '12337611', '12438901', '12513972', '12762485', '12810152', '13007205', '13070316', '13277623', '13400643', '13519661', '13765757', '13831842', '13843341', '13907928', '13952658', '14079881', '14241418', '14328288', '14434123', '14550841', '14692646', '14938990', '15113221', '15335331', '15472716', '15600979', '15721252', '15946643', '16086778', '16346504', '16390264', '16734530', '16736872', '17021845', '17163294', '17338543', '17648235', '17755060', '17917408', '18041692', '18231807', '18379855', '18592108', '19047331', '19052713', '19358586', '19644821', '19673227', '19882228', '20183360', '20280410', '20372201', '20473074', '20738970', '20839751', '21033230', '21179714', '21307488', '21439640', '21502234', '21623140', '21902400', '22007333', '22267225', '22401720', '22482820', '22547508', '22767022', '22937815', '23078022', '23244529', '23356816', '23557241', '23639838', '23863551', '23934390', '24205118', '24249915', '24349992', '24512064', '24596228', '24834968', '24863571', '24980622', '25069745', '25251625', '25373397', '25523969', '25732836', '25737507', '25832301', '25973484', '26045237', '26118532', '26495128', '26672703', '26973393', '27240667', '27396415', '27602752', '27889071', '28206748', '28542402', '28845338', '29366489', '29473081', '29785642', '30208015', '30534237', '31311495', '31313782', '31851367', '32101982', '32534305', '32766786', '33063763', '33638477', '34066665', '34103335', '34436231', '34818263', '35271381', '35684881', '36066871', '36432234', '36654066', '37037012', '37480103', '37673301', '38355793', '38485364', '38808600', '39225849', '39580129', '39801095', '40382183', '40500723', '40867854', '41161366', '41403996', '41900731', '42291761', '42731834', '43385013', '43647194', '44500794', '45143088', '45638119', '46193388', '46617075', '51952430', '53033275', '67045088', '72180760', '82665667', '87430549', '109946221', '195680777', '196664003']"
11,260,303.3387264648918,"['4983', '219475', '236204', '343052', '427865', '597790', '696006', '751192', '888896', '991137', '1122279', '1243475', '1360607', '1428830', '1590744', '1686997', '1800734', '1887056', '1967017', '2130391', '2248870', '2272614', '2391552', '2488880', '2601324', '2701077', '2831620', '2958458', '3099497', '3330111', '3419709', '3504761', '3619931', '3761017', '3825472', '3973445', '3986403', '4306711', '4340509', '4380287', '4399311', '4418070', '4447785', '4455466', '4469125', '4641348', '4767806', '4896726', '5108807', '5185871', '5293024', '5415832', '5556809', '5700349', '5927534', '5953485', '6083952', '6171953', '6285534', '6417632', '6493422', '6588614', '6807122', '6863070', '7005276', '7116734', '7281161', '7399084', '7492250', '7622767', '7735859', '7875158', '8137081', '8182950', '8317408', '8477699', '8548635', '8665891', '8771704', '8989616', '9225850', '9257019', '9420732', '9648896', '9752604', '9899292', '9911547', '10068634', '10247282', '10450300', '10555591', '10660080', '10889845', '10991183', '11181416', '11291348', '11535539', '11615242', '11771811', '11903247', '12130690', '12205576', '12370881', '12513972', '12669325', '12827098', '12943966', '13070316', '13230773', '13368032', '13481880', '13619127', '13770184', '13843341', '13907928', '13949015', '14079881', '14185503', '14328288', '14541844', '14615911', '14692646', '14874811', '14972169', '15381976', '15472716', '15707049', '15716328', '15907458', '15997009', '16217855', '16527698', '16572581', '16736872', '16962732', '17223891', '17338543', '17506075', '17693849', '17934603', '18041692', '18264714', '18379855', '18592108', '19005293', '19052713', '19313533', '19489351', '19673227', '19912367', '20148808', '20220731', '20363389', '20568364', '20732789', '20764484', '20977638', '21179714', '21287352', '21395936', '21535641', '21626639', '21859699', '22036571', '22130056', '22281684', '22488511', '22621251', '22767022', '22937815', '23078022', '23244529', '23509113', '23513718', '23639838', '23804187', '23974474', '24077493', '24234341', '24349430', '24512064', '24707550', '24721866', '24917562', '24980622', '25175997', '25251625', '25373397', '25504006', '25725663', '25737507', '25832301', '26025820', '26045237', '26118532', '26445118', '26672703', '26973393', '27138601', '27396415', '27615329', '28149602', '28206748', '28712203', '28845338', '29183629', '29509926', '29785642', '30208015', '30534237', '31001322', '31591262', '31682248', '32408470', '32454714', '33030946', '33063763', '33535447', '33911859', '34103335', '34445160', '34818263', '35271381', '35993767', '36345578', '36386637', '36654066', '37037012', '37336085', '37964706', '38037690', '38533515', '38844612', '39225849', '39481265', '40090058', '40312663', '40500723', '40867854', '41294031', '41781905', '41900731', '42291761', '43192375', '43224840', '43647194', '44614949', '44947611', '45447613', '46517055', '49556906', '51952430', '54482327', '58050905', '72180760', '82665667', '86326468', '109946221', '195683603', '196664003']"
12,260,303.36302127083763,"['4983', '116792', '236204', '327319', '427865', '502797', '641786', '803312', '878526', '1122198', '1122279', '1243475', '1346695', '1447990', '1605196', '1649738', '1769799', '1871499', '1967017', '2052720', '2140513', '2272614', '2391552', '2488880', '2601324', '2701077', '2853685', '2958458', '3113630', '3210545', '3367829', '3583084', '3669694', '3716075', '3825472', '3981613', '3986403', '4306711', '4340509', '4380451', '4405194', '4418070', '4427060', '4459491', '4505748', '4709641', '4767806', '4896726', '5035827', '5185871', '5293024', '5415832', '5556809', '5700349', '5828251', '6054657', '6083952', '6171953', '6285534', '6401675', '6544701', '6722522', '6826100', '6863070', '6974477', '7116734', '7228140', '7426741', '7492250', '7640058', '7735859', '7873737', '8150638', '8290760', '8317408', '8446259', '8548635', '8665891', '8771704', '8989616', '9160947', '9257019', '9420732', '9550981', '9675944', '9767444', '9911547', '10068634', '10273147', '10450300', '10555591', '10698739', '10795063', '10991183', '11181416', '11291348', '11457219', '11659421', '11840194', '11903247', '12100854', '12205576', '12443371', '12513972', '12669325', '12810152', '12943966', '13070316', '13293033', '13368032', '13481880', '13757347', '13814480', '13843341', '13921783', '13949015', '14079881', '14192687', '14328288', '14434123', '14555750', '14692646', '14831629', '14972169', '15274349', '15472716', '15590539', '15716328', '15945975', '15997009', '16375102', '16541762', '16627684', '16736872', '16962732', '17123316', '17338543', '17506075', '17702490', '17914395', '18041692', '18231807', '18379855', '18592108', '18852643', '19052713', '19308127', '19489351', '19673227', '19970015', '20033112', '20220731', '20363389', '20524091', '20645538', '20764484', '20977638', '21271817', '21274919', '21456232', '21601459', '21623140', '21859699', '22116439', '22150633', '22281684', '22467585', '22547508', '22843616', '22937815', '23078022', '23244529', '23356816', '23513718', '23639838', '23887844', '23918031', '24077493', '24234341', '24341590', '24512417', '24596228', '24721866', '24863571', '25022826', '25069745', '25251625', '25373397', '25504006', '25623469', '25737507', '25832301', '25953438', '26045237', '26118532', '26445118', '26672703', '26993601', '27138601', '27396415', '27602752', '27889071', '28386343', '28542402', '28845338', '29183629', '29638116', '29785642', '30351165', '30534237', '30915421', '31347396', '31882215', '32101982', '32454714', '32766786', '33063763', '33535447', '33986200', '34103335', '34436231', '34818263', '35271381', '35777860', '36180468', '36637129', '36654066', '37205759', '37336085', '37722384', '38037690', '38485364', '38794814', '39225849', '39545358', '39801095', '40164383', '40500723', '40867854', '41239107', '41403996', '41900731', '42291761', '42787108', '43224840', '44408494', '44500794', '44947611', '45764440', '46193388', '51386222', '51952430', '53033275', '58050905', '72180760', '82665667', '86326468', '109946221', '145383432', '196664003']"
13,260,303.3840464008972,"['4983', '116792', '236204', '327319', '427865', '502797', '641786', '803312', '878526', '1122198', '1122279', '1243475', '1346695', '1447990', '1605196', '1649738', '1769799', '1871499', '1967017', '2052720', '2140513', '2272614', '2391552', '2488880', '2608447', '2701077', '2853685', '2958458', '3113630', '3210545', '3367829', '3583084', '3669694', '3716075', '3825472', '3981613', '4303075', '4306711', '4340509', '4380451', '4405194', '4418070', '4427060', '4459491', '4469125', '4709641', '4767806', '4896726', '5035827', '5185871', '5293024', '5415832', '5556809', '5700349', '5828251', '6054657', '6083952', '6171953', '6285534', '6401675', '6544701', '6722522', '6826100', '6863070', '6974477', '7116734', '7228140', '7426741', '7492250', '7640058', '7735859', '7873737', '8150638', '8290760', '8317408', '8446259', '8548635', '8665891', '8771704', '8989616', '9160947', '9257019', '9420732', '9550981', '9675944', '9767444', '9911547', '10068634', '10273147', '10450300', '10641715', '10786948', '10795063', '10991183', '11181416', '11291348', '11457219', '11659421', '11840194', '11903247', '12100854', '12337611', '12443371', '12513972', '12669325', '12810152', '12943966', '13070316', '13293033', '13368032', '13481880', '13757347', '13814480', '13843341', '13921783', '13949015', '14079881', '14192687', '14328288', '14434123', '14555750', '14692646', '14831629', '14972169', '15274349', '15472716', '15590539', '15716328', '15945975', '15997009', '16375102', '16541762', '16627684', '16736872', '16962732', '17123316', '17338543', '17506075', '17702490', '17914395', '18041692', '18231807', '18379855', '18592108', '18852643', '19255949', '19308127', '19489351', '19673227', '19970015', '20033112', '20220731', '20363389', '20524091', '20645538', '20764484', '20977638', '21271817', '21274919', '21456232', '21601459', '21623140', '21859699', '22116439', '22150633', '22281684', '22467585', '22547508', '22843616', '22937815', '23078022', '23244529', '23356816', '23513718', '23639838', '23887844', '23918031', '24077493', '24234341', '24341590', '24512417', '24596228', '24721866', '24863571', '25022826', '25069745', '25251625', '25373397', '25504006', '25623469', '25737507', '25832301', '25953438', '26045237', '26118532', '26445118', '26672703', '26993601', '27138601', '27396415', '27602752', '27889071', '28386343', '28542402', '28845338', '29183629', '29459383', '29785642', '30351165', '30534237', '30915421', '31347396', '31882215', '32101982', '32454714', '32766786', '33063763', '33535447', '33986200', '34103335', '34436231', '34818263', '35271381', '35777860', '36180468', '36637129', '36654066', '37205759', '37336085', '37722384', '38037690', '38485364', '38794814', '39225849', '39545358', '39801095', '40164383', '40500723', '40867854', '41239107', '41403996', '41900731', '42565477', '42787108', '43224840', '44408494', '44500794', '44947611', '45764440', '46193388', '51386222', '51952430', '53033275', '58050905', '72180760', '82665667', '86326468', '109946221', '145383432', '196664003']"
14,260,303.3597163821105,"['33370', '116792', '236204', '327319', '435529', '502797', '643765', '778436', '878526', '991137', '1127562', '1243475', '1346695', '1428830', '1554348', '1649738', '1769799', '1871499', '1967017', '2078658', '2140513', '2272614', '2405259', '2582169', '2601324', '2701077', '2831620', '2958458', '3113630', '3210545', '3367829', '3504761', '3610282', '3748310', '3863543', '3981033', '3986403', '4306711', '4340509', '4389394', '4414547', '4418070', '4429668', '4460880', '4469125', '4653837', '4767806', '4896726', '5035827', '5254463', '5293024', '5468807', '5556809', '5798227', '5828251', '5956380', '6083952', '6171953', '6285534', '6455142', '6544701', '6588614', '6784372', '6896063', '6974477', '7225911', '7228140', '7465900', '7492250', '7622767', '7820043', '7898952', '8083310', '8182950', '8317408', '8496132', '8548635', '8665891', '8771704', '8994465', '9169645', '9257019', '9483851', '9559146', '9669099', '9767444', '10015292', '10068634', '10247314', '10450300', '10555591', '10698739', '10795063', '10991183', '11181416', '11291348', '11457219', '11674596', '11861374', '11903247', '12086599', '12240507', '12370190', '12552297', '12762485', '12887068', '13011249', '13070316', '13277623', '13368032', '13481880', '13639330', '13791206', '13843341', '13910150', '13949015', '14079881', '14308244', '14367469', '14460402', '14581009', '14692646', '14848619', '14972169', '15274349', '15472716', '15600979', '15716328', '15960670', '16086778', '16217855', '16390264', '16572581', '16745747', '16962732', '17123316', '17338543', '17506075', '17755060', '18038250', '18041692', '18264714', '18399038', '18600579', '18841257', '19149247', '19356271', '19541444', '19683625', '19979816', '20054396', '20231138', '20420780', '20524091', '20738970', '20764484', '20977638', '21179714', '21307488', '21382907', '21557055', '21623140', '21859699', '22036571', '22185730', '22281684', '22467585', '22703082', '22767022', '22968257', '23078022', '23244529', '23356816', '23513818', '23639838', '23804187', '23985464', '24077493', '24234341', '24341590', '24512064', '24713020', '24721866', '24863571', '24995939', '25069745', '25251625', '25440070', '25576204', '25682129', '25737507', '25901598', '25953438', '26059876', '26118532', '26495128', '26672703', '26973393', '27240699', '27460509', '27602752', '28107602', '28249680', '28697248', '28937856', '29367554', '29459383', '29806339', '30224907', '30534237', '30915421', '31624828', '31882215', '32101982', '32454714', '32766786', '33063763', '33638477', '34071621', '34103335', '34436231', '35062452', '35543846', '35684881', '36066871', '36464673', '36654066', '37204802', '37549932', '37673301', '38131471', '38485364', '38919140', '39225849', '39637840', '39801095', '40164383', '40608679', '40901687', '41161366', '41710132', '41900731', '42489926', '42731834', '43224840', '43880096', '44500794', '44947611', '45764440', '46248894', '47018050', '51952430', '53033275', '58050905', '72180760', '82665667', '86602746', '109946221', '145383432', '196664003']"
15,260,303.4679064580705,"['106301', '118568', '236204', '327319', '427865', '502797', '641786', '778436', '878526', '1031534', '1122279', '1243475', '1346695', '1428830', '1554348', '1744752', '1769799', '1871499', '1967017', '2119889', '2225918', '2272614', '2391552', '2488880', '2682997', '2701077', '2831620', '2991954', '3099497', '3210545', '3367829', '3504761', '3610282', '3720107', '3825472', '3981033', '3986403', '4326318', '4340509', '4380287', '4399268', '4418070', '4427060', '4455466', '4469125', '4641348', '4767806', '4896726', '5035827', '5185871', '5293024', '5415832', '5556809', '5700349', '5828251', '6076903', '6083952', '6171953', '6285534', '6441369', '6493422', '6625693', '6767133', '6863070', '7039855', '7116734', '7228140', '7399084', '7492250', '7622767', '7735859', '7873737', '8133180', '8182950', '8317408', '8453819', '8548635', '8672737', '8771704', '8997410', '9225850', '9257019', '9420732', '9622258', '9752604', '9767444', '9911547', '10068634', '10247282', '10450300', '10555591', '10666475', '10937190', '10991183', '11181416', '11291348', '11457219', '11615242', '11822354', '11903247', '12039953', '12207340', '12411274', '12631697', '12669325', '12810152', '12943966', '13070316', '13230773', '13368032', '13481880', '13621186', '13770184', '13843341', '13907928', '13949015', '14119470', '14185503', '14333540', '14492964', '14581009', '14692646', '14831629', '14972169', '15274349', '15472716', '15578265', '15716328', '15907458', '16056514', '16217855', '16546131', '16572581', '16905344', '17050065', '17123316', '17338543', '17506075', '17693849', '17914395', '18231257', '18231807', '18379855', '18592108', '18841257', '19052713', '19308127', '19489351', '19843244', '19855358', '20033112', '20220731', '20363389', '20532591', '20690388', '20764484', '20977638', '21179714', '21274919', '21382907', '21622715', '21623140', '21859699', '21956124', '22134353', '22281684', '22467585', '22547508', '22767022', '22937815', '23078022', '23244529', '23356816', '23513718', '23639838', '23863576', '23918031', '24077493', '24234341', '24341590', '24512064', '24596228', '24721866', '24863571', '24980622', '25069745', '25251625', '25373397', '25504006', '25623469', '25737507', '25832301', '25953438', '26045237', '26118532', '26461066', '26887439', '26973393', '27138601', '27460509', '27602752', '28138927', '28243325', '28542402', '28845338', '29183629', '29459383', '29785642', '30208015', '30534237', '31141365', '31313782', '31682248', '32101982', '32454714', '32766786', '33063763', '33535447', '33911859', '34105878', '34436231', '35008773', '35271381', '35684881', '36345185', '36386637', '36654066', '37037012', '37336085', '37673301', '38380061', '38485364', '38794814', '39225849', '39532074', '39801095', '40500438', '40500723', '40867854', '41161366', '41403996', '41913714', '42291761', '42731834', '43224840', '43647194', '44500794', '44947611', '45447613', '46193388', '49556906', '51952430', '53033275', '58050905', '72180760', '82665667', '86326468', '109946221', '145383432', '196664003']"
16,260,303.2734778430313,"['4983', '116792', '236204', '327319', '427865', '502797', '641786', '751192', '878526', '991137', '1122279', '1243475', '1346695', '1428830', '1554348', '1649738', '1769799', '1871499', '1967017', '2099400', '2140513', '2272614', '2391552', '2488880', '2601324', '2701077', '2837758', '2958458', '3099497', '3210545', '3400973', '3504761', '3610282', '3720107', '3825472', '3883485', '3986403', '4306711', '4340509', '4387784', '4399268', '4418070', '4427060', '4455466', '4469125', '4695107', '4767806', '4896726', '5035827', '5185871', '5293024', '5473074', '5556809', '5700349', '5828251', '5966635', '6083952', '6171953', '6285534', '6401675', '6493422', '6636088', '6751418', '6863070', '6974477', '7116734', '7228140', '7465900', '7492250', '7622767', '7735859', '7873737', '8025177', '8182950', '8317408', '8446259', '8654183', '8665891', '8771704', '8989616', '9160947', '9257019', '9420732', '9550981', '9650982', '9889151', '9911547', '10068634', '10247282', '10450300', '10555591', '10660080', '10795063', '10991183', '11181416', '11291348', '11457219', '11615242', '11771811', '11903247', '12039953', '12207340', '12370190', '12513972', '12691537', '12881593', '12943966', '13072112', '13245542', '13368032', '13481880', '13619127', '13770184', '13843341', '13912224', '13965483', '14155726', '14185503', '14328288', '14434123', '14550841', '14692646', '14831629', '14972169', '15319019', '15472716', '15578265', '15716328', '15907458', '16056410', '16217855', '16390264', '16572581', '16736872', '16962732', '17123316', '17464771', '17506075', '17693849', '17914395', '18041692', '18231807', '18379855', '18810195', '18841257', '19052713', '19308127', '19489351', '19673227', '19854744', '20033112', '20330519', '20363389', '20473074', '20645538', '20764484', '20977638', '21179714', '21274919', '21382907', '21502234', '21623140', '21859699', '21956124', '22130056', '22281684', '22467585', '22703082', '22767022', '22937815', '23078022', '23244529', '23356816', '23513718', '23639838', '23804187', '23918031', '24077493', '24234341', '24349430', '24512064', '24705390', '24721866', '24863571', '24995939', '25069745', '25254425', '25373397', '25504006', '25657127', '25737507', '25832301', '25953438', '26045237', '26118532', '26488879', '26672703', '26973393', '27138601', '27396415', '27602752', '27889071', '28206748', '28542402', '28845338', '29214508', '29459383', '29785642', '30208015', '30534237', '30915421', '31387717', '31682248', '32101982', '32454714', '32766786', '33063763', '33535447', '33911859', '34103335', '34436231', '34818263', '35271381', '35684881', '36233757', '36386637', '36654066', '37037012', '37362689', '37768883', '38037690', '38485364', '38805486', '39225849', '39550665', '39801095', '40164383', '40500723', '40867854', '41161366', '41403996', '41900731', '42291761', '42731834', '43224840', '43647194', '44500794', '44947611', '45447613', '46193388', '46617075', '51952430', '53033275', '58050905', '72180760', '82665667', '86326468', '109946221', '145383432', '196664003']"
17,260,303.3721829210408,"['4983', '116792', '236204', '327319', '427865', '502797', '641786', '751192', '878526', '991137', '1215116', '1243475', '1346695', '1428830', '1554348', '1649738', '1769799', '1871499', '1967017', '2052720', '2140513', '2272614', '2391552', '2488880', '2601324', '2701077', '2831620', '2958458', '3099497', '3210545', '3367829', '3504761', '3610282', '3716075', '3825472', '3896759', '3986403', '4306711', '4340509', '4380287', '4399268', '4418070', '4427060', '4455466', '4469125', '4641348', '4767806', '4896726', '5035827', '5185871', '5293024', '5415832', '5556809', '5700349', '5828251', '5953485', '6083952', '6171953', '6285534', '6401675', '6493422', '6588614', '6751418', '6863070', '6974477', '7116734', '7228140', '7399084', '7492250', '7622767', '7735859', '7873737', '8025177', '8182950', '8428837', '8446259', '8548635', '8665891', '8771704', '8989616', '9160947', '9257019', '9420732', '9550981', '9650982', '9767444', '9911547', '10068634', '10247282', '10450300', '10555591', '10660080', '10795063', '10991183', '11181416', '11291348', '11457219', '11615242', '11771811', '11903247', '12039953', '12205576', '12370190', '12513972', '12669325', '12810152', '12943966', '13070316', '13230773', '13368032', '13481880', '13619127', '13770184', '13843341', '13907928', '13966946', '14079881', '14185503', '14328288', '14434123', '14550841', '14692646', '14831629', '14972169', '15274349', '15472716', '15578265', '15716328', '15907458', '15997009', '16217855', '16390264', '16572581', '16736872', '16962732', '17327939', '17338543', '17506075', '17693849', '18025240', '18041692', '18231807', '18379855', '18592108', '18841257', '19052713', '19419439', '19489351', '19673227', '19854744', '20033112', '20220731', '20363389', '20473074', '20645538', '20764484', '20977638', '21179714', '21274919', '21382907', '21502234', '21623140', '21859699', '21956124', '22130056', '22281684', '22467585', '22547508', '22767022', '22937815', '23078022', '23244529', '23356816', '23513718', '23639838', '23804187', '23918031', '24077493', '24234341', '24341590', '24512064', '24596228', '24721866', '24863571', '24980622', '25069745', '25251625', '25373397', '25504006', '25623469', '25737507', '25832301', '25953438', '26045237', '26118532', '26445118', '26672703', '26973393', '27138601', '27396415', '27602752', '27889071', '28206748', '28542402', '28845338', '29183629', '29459383', '29785642', '30208015', '30534237', '30915421', '31313782', '31682248', '32101982', '32454714', '32766786', '33063763', '33535447', '33911859', '34103335', '34436231', '34818263', '35271381', '35684881', '36066871', '36386637', '36654066', '37037012', '37336085', '37673301', '38037690', '38485364', '38794814', '39225849', '39481265', '39801095', '40164383', '40500723', '40867854', '41161366', '41403996', '41900731', '42291761', '42731834', '43224840', '43647194', '44500794', '44947611', '45447613', '46193388', '46617075', '51952430', '53033275', '58050905', '72180760', '82665667', '86326468', '109946221', '145383432', '196664003']"
18,260,303.4090832080692,"['4983', '116792', '236204', '327319', '427865', '502797', '641786', '751192', '878526', '991137', '1122279', '1243475', '1346695', '1428830', '1554348', '1649738', '1769799', '1871499', '1967017', '2052720', '2140513', '2272614', '2391552', '2488880', '2601324', '2701077', '2831620', '2958458', '3099497', '3210545', '3367829', '3504761', '3610282', '3716075', '3825472', '3883485', '3986403', '4306711', '4340509', '4380287', '4399268', '4418070', '4427060', '4455466', '4469125', '4662264', '4767806', '4896726', '5035827', '5185871', '5293024', '5415832', '5556809', '5760247', '5828251', '5953485', '6083952', '6171953', '6285534', '6401675', '6493422', '6588614', '6751418', '6863070', '6974477', '7116734', '7228140', '7399084', '7492250', '7622767', '7735859', '7878807', '8025177', '8182950', '8317408', '8446259', '8548635', '8665891', '8771704', '8989616', '9160947', '9257019', '9420732', '9550981', '9650982', '9875570', '9911547', '10068634', '10247282', '10450300', '10555591', '10660080', '10795063', '10991183', '11181416', '11291348', '11457219', '11615242', '11771811', '11903247', '12039953', '12265561', '12370190', '12513972', '12691537', '12810152', '12943966', '13070316', '13230773', '13368032', '13481880', '13619127', '13770184', '13843341', '13907928', '13953762', '14079881', '14185503', '14328288', '14434123', '14550841', '14692646', '14831629', '14972169', '15274349', '15472716', '15578265', '15716328', '15907458', '15997009', '16217855', '16557565', '16572581', '16736872', '16962732', '17123316', '17338543', '17506075', '17695748', '17914395', '18041692', '18231807', '18379855', '18810195', '18841257', '19052713', '19308127', '19489351', '19673227', '19854744', '20054396', '20220731', '20363389', '20473074', '20645538', '20764484', '20977638', '21179714', '21274919', '21382907', '21598000', '21623140', '21859699', '22036571', '22130056', '22281684', '22467585', '22561064', '22767022', '22937815', '23078022', '23244529', '23356816', '23513718', '23698769', '23804187', '23918031', '24077493', '24234341', '24341590', '24512064', '24596228', '24721866', '24863571', '24980622', '25069745', '25251625', '25373397', '25515662', '25623469', '25737507', '25832301', '25953438', '26045237', '26118532', '26445118', '26672703', '26973393', '27138601', '27396415', '27602752', '27889071', '28206748', '28542402', '28845338', '29183629', '29459383', '29785642', '30208015', '30534237', '30915421', '31313782', '31682248', '32101982', '32454714', '32766786', '33063763', '33535447', '33911859', '34103335', '34436231', '34818263', '35271381', '35684881', '36066871', '36386637', '36654066', '37037012', '37336085', '37673301', '38300781', '38485364', '38794814', '39225849', '39481265', '39801095', '40164383', '40760684', '40901687', '41161366', '41403996', '41900731', '42291761', '42865134', '43224840', '43711341', '44500794', '44947611', '45447613', '46193388', '46816158', '51952430', '53033275', '58050905', '72180760', '82665667', '86326468', '109946221', '145383432', '196664003']"
19,260,303.3897146000527,"['92499', '116792', '243694', '335029', '427865', '502797', '641786', '751192', '878526', '991137', '1145473', '1259280', '1371440', '1447990', '1641873', '1684489', '1848452', '1944452', '2033917', '2078658', '2140513', '2272614', '2405259', '2547636', '2679511', '2701077', '2853291', '2958458', '3099497', '3321943', '3400973', '3504761', '3610282', '3716075', '3863543', '3883485', '4254064', '4335423', '4366738', '4381486', '4417177', '4421787', '4427060', '4455466', '4469125', '4641348', '4816339', '4896726', '5107861', '5223817', '5373138', '5415832', '5567223', '5782614', '5828251', '6000423', '6083952', '6171953', '6333347', '6472746', '6493422', '6588614', '6812319', '6863070', '6974477', '7211056', '7228140', '7399084', '7583161', '7622767', '7735859', '7878807', '8148122', '8250852', '8317408', '8446259', '8548635', '8724666', '8771704', '9154703', '9160947', '9257019', '9420732', '9550981', '9650982', '9767444', '10015292', '10165258', '10247282', '10526279', '10641162', '10660080', '10795063', '11141995', '11289247', '11291348', '11527199', '11674288', '11900630', '11922370', '12130067', '12315072', '12370190', '12552297', '12804937', '12871002', '13048272', '13116880', '13230773', '13368032', '13509809', '13619127', '13777138', '13907427', '13936152', '13980338', '14079881', '14205246', '14328288', '14434123', '14550841', '14717213', '14923462', '14972169', '15274349', '15472716', '15578265', '15728433', '15960670', '16108876', '16217855', '16398049', '16728949', '16745747', '17049436', '17271462', '17388232', '17601006', '17805221', '18037805', '18042803', '18374364', '18379855', '18806488', '18909530', '19058822', '19308127', '19489351', '19673227', '19974105', '20186814', '20220731', '20368353', '20524091', '20649327', '20764484', '21170174', '21271817', '21274919', '21392223', '21502234', '21793890', '21884059', '21956124', '22130056', '22405338', '22467585', '22613657', '22843616', '22973574', '23078022', '23244529', '23356816', '23535770', '23727313', '23804187', '23918031', '24077493', '24234341', '24498673', '24558930', '24612804', '24721866', '24863571', '25041967', '25148216', '25251625', '25373397', '25516011', '25623469', '25737507', '25832301', '25985964', '26045237', '26118532', '26445118', '26672703', '27078065', '27243019', '27588420', '27840664', '27910499', '28206748', '28614776', '28845338', '29183629', '29459383', '30152134', '30398773', '30714190', '31166180', '31514338', '31715818', '32170702', '32454714', '32776084', '33063763', '33677323', '33911859', '34103335', '34436231', '34982259', '35271381', '35684881', '36066871', '36386637', '36921186', '37182501', '37437064', '37673301', '38127792', '38528892', '38899659', '39225849', '39506601', '39801095', '40234452', '40500723', '41022628', '41256402', '41403996', '41900731', '42465769', '42787108', '43224840', '44172171', '44500794', '44947611', '45875990', '46193388', '46617075', '52868579', '54561384', '58050905', '72180760', '82665667', '87430549', '109946221', '145383432', '196664003']"
20,260,303.25390697596595,"['4983', '116792', '238409', '356218', '427865', '502797', '641786', '751192', '878526', '991137', '1122279', '1243475', '1346695', '1428830', '1554348', '1759213', '1769799', '1871499', '1967017', '2052720', '2140513', '2272614', '2391552', '2522977', '2601324', '2701077', '2831620', '2958458', '3099497', '3210545', '3430789', '3504761', '3610282', '3716075', '3825750', '3883485', '3986403', '4306711', '4340509', '4380287', '4399268', '4418070', '4427060', '4455466', '4469125', '4678846', '4767806', '4896726', '5035827', '5185871', '5293024', '5415832', '5556809', '5700349', '5828251', '5953485', '6157837', '6171953', '6285534', '6401675', '6525844', '6588614', '6751418', '6863070', '6974477', '7116734', '7228140', '7399084', '7492250', '7622767', '7735859', '7873737', '8025177', '8182950', '8318922', '8446259', '8548635', '8665891', '8839502', '8989616', '9160947', '9288638', '9420732', '9588931', '9650982', '9767444', '9911547', '10072941', '10247282', '10450300', '10555591', '10660080', '10795063', '10991183', '11181416', '11291348', '11457219', '11615242', '11771811', '11903247', '12039953', '12205576', '12370190', '12513972', '12670680', '12810152', '12943966', '13070316', '13230773', '13368032', '13481880', '13619127', '13770184', '13843341', '13907928', '13949015', '14121786', '14185503', '14328288', '14434123', '14584755', '14692646', '14831629', '14972169', '15274349', '15472716', '15578265', '15716328', '15907458', '15997009', '16217855', '16390264', '16572581', '16736872', '16962732', '17231273', '17338543', '17546486', '17693849', '17914395', '18041692', '18231807', '18379855', '18592108', '18841257', '19052713', '19308127', '19489351', '19673227', '19854744', '20033112', '20287253', '20363389', '20473074', '20645538', '20764484', '20977638', '21179714', '21369472', '21382907', '21502234', '21623140', '21859699', '21956124', '22236223', '22281684', '22467585', '22547508', '22767022', '22937815', '23078022', '23244529', '23377475', '23513718', '23639838', '23908217', '24049225', '24077493', '24234341', '24341590', '24512064', '24640046', '24721866', '24863571', '24998764', '25069745', '25251625', '25373397', '25504006', '25643818', '25816994', '25837950', '26025370', '26045237', '26199970', '26445118', '26672703', '26973393', '27138601', '27545868', '27665523', '27889071', '28207326', '28542402', '28845338', '29183629', '29518440', '29785642', '30208015', '30534237', '30915421', '31313782', '31890716', '32101982', '32454714', '32766786', '33063763', '33535447', '33911859', '34103335', '34436231', '34818263', '35271381', '35724562', '36066871', '36386637', '36654066', '37037012', '37336085', '37673301', '38037690', '38485364', '38794814', '39225849', '39481265', '40156901', '40164383', '40790033', '40867854', '41161366', '41403996', '41900731', '42291761', '42731834', '43417006', '44030361', '44500794', '44947611', '45447613', '46193388', '46617075', '51952430', '53033275', '58050905', '72180760', '82665667', '86326468', '140098548', '145383432', '196664003']"
21,260,303.30916742398404,"['4983', '116792', '236204', '327319', '427865', '502797', '641786', '751192', '878526', '991137', '1234098', '1243475', '1346695', '1428830', '1554348', '1649738', '1769799', '1871499', '1967017', '2052720', '2140513', '2272614', '2391552', '2488880', '2601324', '2701077', '2831620', '2958458', '3099497', '3210545', '3367829', '3504761', '3692112', '3716075', '3825472', '3883485', '3986403', '4306711', '4340509', '4380287', '4399268', '4418070', '4427060', '4465735', '4469125', '4641348', '4767806', '4896726', '5035827', '5185871', '5293024', '5415832', '5556809', '5700349', '5828251', '5953485', '6083952', '6171953', '6285534', '6401675', '6493422', '6588614', '6751418', '6863070', '6974477', '7116734', '7228140', '7399084', '7492250', '7622767', '7735859', '7873737', '8025177', '8182950', '8317408', '8446259', '8548635', '8665891', '8771704', '8989616', '9160947', '9257019', '9420732', '9550981', '9650982', '9767444', '9911547', '10068634', '10247282', '10450300', '10555591', '10660080', '10982689', '10991183', '11181416', '11291348', '11457219', '11615242', '11771811', '11903247', '12039953', '12205576', '12370190', '12513972', '12669325', '12810152', '12943966', '13070316', '13230773', '13368032', '13481880', '13619127', '13770184', '13843341', '13948920', '13949015', '14079881', '14185503', '14328288', '14434123', '14550841', '14692646', '14831629', '14972169', '15274349', '15472716', '15578265', '15879544', '15907458', '15997009', '16217855', '16532419', '16572581', '16736872', '16962732', '17327939', '17338543', '17506075', '17693849', '17914395', '18041692', '18231807', '18379855', '18592108', '18841257', '19052713', '19308127', '19489351', '19673227', '19854744', '20033112', '20220731', '20363389', '20473074', '20645538', '20764484', '20977638', '21179714', '21274919', '21382907', '21502234', '21623140', '21859699', '21956124', '22130056', '22281684', '22467585', '22547508', '22767022', '22937815', '23078022', '23244529', '23356816', '23513718', '23639838', '23804187', '23918031', '24077493', '24234341', '24341590', '24512064', '24596228', '24721866', '24863571', '24980622', '25069745', '25251625', '25373397', '25504006', '25677651', '25737507', '25832301', '25953438', '26045237', '26118532', '26445118', '26672703', '26973393', '27138601', '27396415', '27602752', '27889071', '28206748', '28821565', '28845338', '29183629', '29459383', '29785642', '30208015', '30534237', '30915421', '31313782', '31682248', '32101982', '32454714', '32766786', '33063763', '33872649', '33911859', '34103335', '34436231', '34818263', '35271381', '35684881', '36345578', '36386637', '36654066', '37037012', '37336085', '37673301', '38037690', '38485364', '38794814', '39225849', '39481265', '39801095', '40164383', '40500723', '40867854', '41161366', '41403996', '41900731', '42291761', '42731834', '43224840', '43647194', '44500794', '44947611', '45447613', '46193388', '46617075', '51952430', '53033275', '58050905', '72180760', '82665667', '86326468', '109946221', '145383432', '196664003']"
22,260,303.25147356512025,"['4983', '116792', '236204', '327319', '427865', '502797', '641786', '751192', '878526', '1103795', '1122279', '1243475', '1346695', '1428830', '1554348', '1649738', '1769799', '1871499', '1967017', '2052720', '2140513', '2272614', '2391552', '2488880', '2604063', '2701077', '2851611', '2958458', '3099497', '3272084', '3376731', '3504761', '3610282', '3720107', '3825472', '3883485', '4303939', '4306711', '4340509', '4380287', '4399268', '4418070', '4427060', '4465735', '4492358', '4695107', '4767806', '4896726', '5035827', '5185871', '5293024', '5415832', '5556809', '5700349', '5922085', '5953485', '6083952', '6171953', '6372244', '6401675', '6493422', '6588614', '6751418', '6863070', '6974477', '7116734', '7228140', '7433668', '7492250', '7622767', '7735859', '7873737', '8137081', '8182950', '8317408', '8446259', '8548635', '8665891', '8771704', '8989616', '9160947', '9257019', '9420732', '9550981', '9650982', '9767444', '9911547', '10068634', '10247282', '10450300', '10648422', '10660080', '10795063', '10993232', '11181416', '11336632', '11457219', '11615242', '11771811', '11921405', '12039953', '12205576', '12370190', '12658073', '12669325', '12810152', '12943966', '13070316', '13230773', '13368032', '13481880', '13714201', '13770184', '13843341', '13907928', '13949015', '14079881', '14185503', '14328288', '14434123', '14550841', '14692646', '14831629', '14972169', '15274349', '15472716', '15578265', '15716328', '15983982', '15997009', '16217855', '16390264', '16572581', '16787954', '16962732', '17123316', '17338543', '17506075', '17693849', '17914395', '18041692', '18231807', '18574146', '18592108', '18841257', '19052713', '19308127', '19489351', '19673227', '19854744', '20148808', '20220731', '20363389', '20473074', '20645538', '20764484', '20977638', '21239672', '21274919', '21382907', '21502234', '21623140', '21859699', '21956124', '22153455', '22281684', '22467585', '22547508', '22767022', '22937815', '23078022', '23244529', '23356816', '23513718', '23639838', '23804187', '23918031', '24077493', '24234341', '24341590', '24512064', '24596228', '24746892', '24863571', '24980622', '25069745', '25251625', '25373397', '25504006', '25623469', '25737507', '25878014', '25953438', '26045237', '26118532', '26445118', '26702468', '26973393', '27138601', '27396415', '27602752', '27889071', '28206748', '28542402', '28845338', '29183629', '29459383', '29785642', '30208015', '30534237', '30915421', '31460499', '31682248', '32101982', '32454714', '32766786', '33063763', '33684572', '33918970', '34103335', '34603465', '35186640', '35271381', '35684881', '36066871', '36386637', '36654066', '37037012', '37336085', '37673301', '38037690', '38485364', '38794814', '39225849', '39481265', '39801095', '40164383', '40500723', '41120293', '41165286', '41403996', '41900731', '42693833', '42800527', '43224840', '43647194', '44500794', '44947611', '45447613', '46193388', '46617075', '52805891', '53033275', '58050905', '72180760', '82665667', '90756514', '109946221', '145383432', '196664003']"
23,260,303.2402092469856,"['4983', '116792', '301866', '374902', '437924', '601033', '708425', '751192', '878526', '991137', '1122279', '1259359', '1386103', '1428830', '1554348', '1649738', '1805641', '1871499', '1986482', '2052720', '2140513', '2274272', '2391552', '2488880', '2603304', '2824347', '2947124', '2958458', '3099497', '3210545', '3493623', '3504761', '3610282', '3716075', '3835423', '3883485', '4246523', '4306711', '4340509', '4380287', '4399268', '4424888', '4427060', '4465735', '4469125', '4641348', '4883040', '4896726', '5035827', '5284188', '5293024', '5415832', '5556809', '5752492', '5922085', '5953485', '6083952', '6171953', '6372244', '6491532', '6493422', '6625693', '6767271', '6863070', '7111021', '7224723', '7386360', '7433668', '7492250', '7622767', '7735859', '7873737', '8025177', '8294009', '8317408', '8446259', '8563659', '8665891', '8771704', '9021186', '9160947', '9257019', '9420732', '9550981', '9650982', '9767444', '9911547', '10068634', '10247282', '10450300', '10648422', '10660080', '10795063', '10991183', '11230569', '11291348', '11614737', '11615242', '11837657', '11903247', '12039953', '12205576', '12409683', '12513972', '12669325', '12810152', '12966719', '13071728', '13230773', '13368032', '13481880', '13651792', '13770184', '13899137', '13914633', '13949015', '14079881', '14319754', '14328288', '14434123', '14550841', '14806256', '14831629', '14972169', '15274349', '15472716', '15578265', '15716328', '15907458', '15997009', '16217855', '16422880', '16572581', '16787954', '17077004', '17123316', '17338543', '17506075', '17693849', '17914395', '18074797', '18321590', '18546584', '18592108', '18841257', '19052713', '19308127', '19511011', '19673227', '19854744', '20188586', '20220731', '20471181', '20610557', '20645538', '20764484', '20996244', '21186109', '21274919', '21479231', '21502234', '21700295', '21878751', '21956124', '22194407', '22414304', '22467585', '22547508', '22908536', '22937815', '23078022', '23342845', '23356816', '23531592', '23639838', '23897346', '23918031', '24082820', '24241932', '24341590', '24512064', '24596228', '24795767', '24943534', '25049067', '25069745', '25251625', '25373397', '25602549', '25623469', '25737507', '25832301', '25953438', '26045237', '26124606', '26445118', '26751583', '26973393', '27138601', '27396415', '27602752', '27889071', '28206748', '28821565', '28845338', '29183629', '29459383', '29785642', '30208015', '30774694', '30915421', '31363207', '32012666', '32101982', '32454714', '32909242', '33063763', '33835579', '33911859', '34103335', '34615397', '35087728', '35271381', '35684881', '36066871', '36642096', '36654066', '37037012', '37444589', '37673301', '38043606', '38485364', '38805486', '39225849', '39539647', '39984099', '40164383', '40500723', '40867854', '41161366', '41403996', '41900731', '42291761', '42731834', '43378932', '44030361', '44562058', '44947611', '45461275', '46353045', '46617075', '51952430', '57121667', '67045088', '80522346', '82665667', '86326468', '109946221', '145383432', '196664003']"
24,260,303.2294057109393,"['4983', '116792', '293661', '327319', '493346', '502797', '641786', '751192', '878526', '991137', '1127562', '1320137', '1371440', '1546650', '1554348', '1684489', '1797622', '1889358', '1967017', '2060137', '2140513', '2272614', '2474731', '2582169', '2601324', '2727303', '2831620', '2991954', '3154880', '3230361', '3367829', '3506723', '3610282', '3720107', '3825472', '3883485', '4270992', '4306711', '4340509', '4380287', '4399268', '4418070', '4429388', '4455466', '4469125', '4641348', '4767806', '4896726', '5035827', '5185871', '5321708', '5473074', '5556809', '5760247', '5828251', '5953485', '6083952', '6171953', '6285534', '6401675', '6493422', '6588614', '6751418', '6863070', '6974477', '7116734', '7228140', '7399084', '7549811', '7622767', '7736860', '7878807', '8093935', '8182950', '8317408', '8453819', '8548635', '8665891', '8771704', '8989616', '9160947', '9304312', '9420732', '9550981', '9650982', '9767444', '9911547', '10068634', '10247314', '10450300', '10555591', '10660080', '10795063', '10991183', '11181416', '11291348', '11498670', '11674596', '11822354', '11903247', '12039953', '12205576', '12370190', '12513972', '12691537', '12871002', '12943966', '13070316', '13277623', '13368032', '13481880', '13619127', '13770184', '13843341', '13921783', '13953762', '14119470', '14308244', '14328288', '14434123', '14581009', '14692646', '14893425', '14972169', '15274349', '15472716', '15578265', '15716328', '15907458', '16090672', '16217855', '16527698', '16572581', '16736883', '16962732', '17123316', '17338543', '17506075', '17805221', '17967608', '18126445', '18231807', '18379855', '18695970', '18841257', '19052713', '19308127', '19489351', '19673227', '19854744', '20054396', '20231138', '20368353', '20568364', '20743803', '20764484', '20977638', '21179714', '21373240', '21382907', '21598000', '21754541', '21943141', '22029384', '22130056', '22405338', '22467585', '22561064', '22767022', '22938539', '23078022', '23244529', '23356816', '23513718', '23639838', '23804187', '23918031', '24077493', '24335068', '24349430', '24512064', '24712186', '24721866', '24863571', '24995939', '25069745', '25251625', '25475802', '25504006', '25623469', '25742205', '25832301', '25953438', '26047921', '26118532', '26445118', '26688294', '26973393', '27274441', '27396415', '27602752', '28086354', '28206748', '28542402', '28845338', '29183629', '29459383', '29785642', '30208015', '30884033', '30915421', '31313782', '31682248', '32101982', '32454714', '32766786', '33063763', '33535447', '33911859', '34103335', '34436231', '35231675', '35271381', '35684881', '36111909', '36386637', '36654066', '37164306', '37336085', '37673301', '38127792', '38485364', '38794814', '39225849', '39481265', '39859981', '40164383', '40667066', '40901687', '41161366', '41403996', '42035464', '42291761', '43048059', '43224840', '43711341', '44500794', '44947611', '45447613', '46193388', '46617075', '51952430', '53033275', '58050905', '72180760', '82665667', '86326468', '109946221', '145383432', '196664003']"
